<PAMDataset>
  <PAMRasterBand band="1">
    <Description>Layer_1</Description>
    <Histograms>
      <HistItem>
        <HistMin>0.00011388351413189</HistMin>
        <HistMax>0.61209362745285</HistMax>
        <BucketCount>256</BucketCount>
        <IncludeOutOfRange>1</IncludeOutOfRange>
        <Approximate>0</Approximate>
        <HistCounts>661|383|323|261|239|178|189|144|158|125|126|111|91|90|87|100|85|71|79|76|80|79|55|59|65|46|60|55|51|43|46|47|43|37|35|31|33|19|22|23|23|25|33|23|20|22|19|16|21|18|20|14|10|17|8|15|8|12|15|11|11|19|9|13|10|8|5|11|6|9|10|4|7|5|10|9|4|6|4|4|5|8|8|6|2|7|4|4|8|6|8|4|3|8|7|7|2|2|4|5|3|5|3|4|2|2|6|5|3|2|1|4|2|3|3|3|4|0|4|2|1|2|2|1|1|5|1|2|0|3|0|2|2|7|3|0|1|1|1|1|1|2|2|2|1|0|2|0|2|1|3|2|1|1|1|0|3|0|2|1|1|2|0|0|0|1|3|1|1|1|1|1|0|0|1|1|2|0|0|0|0|0|0|1|0|0|1|1|0|0|0|0|2|0|1|1|0|1|0|0|0|0|0|0|0|1|0|0|0|0|0|0|1|0|0|1|1|0|0|0|0|0|0|0|0|1|0|0|0|0|0|0|0|0|0|0|1|0|0|0|0|0|0|0|1|1|0|0|0|0|0|0|0|0|0|1</HistCounts>
      </HistItem>
    </Histograms>
    <Metadata>
      <MDI key="LAYER_TYPE">athematic</MDI>
      <MDI key="STATISTICS_COVARIANCES">0.004823047511773097</MDI>
      <MDI key="STATISTICS_EXCLUDEDVALUES"></MDI>
      <MDI key="STATISTICS_MAXIMUM">0.61209362745285</MDI>
      <MDI key="STATISTICS_MEAN">0.049289551427347</MDI>
      <MDI key="STATISTICS_MEDIAN">0</MDI>
      <MDI key="STATISTICS_MINIMUM">0.00011388351413189</MDI>
      <MDI key="STATISTICS_MODE">0</MDI>
      <MDI key="STATISTICS_SKIPFACTORX">1</MDI>
      <MDI key="STATISTICS_SKIPFACTORY">1</MDI>
      <MDI key="STATISTICS_STDDEV">0.069448164207365</MDI>
    </Metadata>
  </PAMRasterBand>
</PAMDataset>
