<PAMDataset>
  <PAMRasterBand band="1">
    <Description>Layer_1</Description>
    <Histograms>
      <HistItem>
        <HistMin>0.0001082028466044</HistMin>
        <HistMax>0.73865270614624</HistMax>
        <BucketCount>256</BucketCount>
        <IncludeOutOfRange>1</IncludeOutOfRange>
        <Approximate>0</Approximate>
        <HistCounts>524|306|228|181|170|165|133|137|124|113|116|105|110|116|98|112|84|79|70|70|61|69|69|57|42|64|53|44|43|53|51|45|33|43|43|48|35|38|52|40|36|31|24|35|33|29|30|28|30|14|23|24|20|30|17|20|27|18|13|14|16|14|13|18|15|14|14|14|7|14|9|13|10|7|13|11|11|17|10|12|11|9|4|12|8|6|14|4|7|10|13|4|10|6|11|12|10|8|13|13|7|15|10|14|8|6|10|8|8|5|9|8|8|5|6|10|4|4|10|2|6|9|4|6|4|7|6|3|4|3|4|4|6|8|3|1|0|4|3|3|2|3|1|2|0|0|1|1|1|2|3|3|4|2|0|3|2|1|2|3|1|3|2|4|0|2|1|2|1|1|2|3|1|2|2|0|0|0|0|1|0|0|1|1|0|1|1|0|0|0|0|0|0|2|0|0|1|0|0|0|0|2|1|0|0|0|1|1|0|0|1|0|0|1|0|0|0|1|1|0|0|0|0|0|0|0|0|0|0|0|0|0|1|0|0|0|0|0|0|0|0|0|0|0|0|1|0|0|0|0|0|0|0|0|0|1</HistCounts>
      </HistItem>
    </Histograms>
    <Metadata>
      <MDI key="LAYER_TYPE">athematic</MDI>
      <MDI key="STATISTICS_COVARIANCES">0.01031090144329635</MDI>
      <MDI key="STATISTICS_EXCLUDEDVALUES"></MDI>
      <MDI key="STATISTICS_MAXIMUM">0.73865270614624</MDI>
      <MDI key="STATISTICS_MEAN">0.082901225851675</MDI>
      <MDI key="STATISTICS_MEDIAN">0</MDI>
      <MDI key="STATISTICS_MINIMUM">0.0001082028466044</MDI>
      <MDI key="STATISTICS_MODE">0</MDI>
      <MDI key="STATISTICS_SKIPFACTORX">1</MDI>
      <MDI key="STATISTICS_SKIPFACTORY">1</MDI>
      <MDI key="STATISTICS_STDDEV">0.10154260900379</MDI>
    </Metadata>
  </PAMRasterBand>
</PAMDataset>
