<PAMDataset>
  <PAMRasterBand band="1">
    <Description>Layer_1</Description>
    <Histograms>
      <HistItem>
        <HistMin>8.945119770942301e-005</HistMin>
        <HistMax>0.52310448884964</HistMax>
        <BucketCount>256</BucketCount>
        <IncludeOutOfRange>1</IncludeOutOfRange>
        <Approximate>0</Approximate>
        <HistCounts>439|332|238|237|251|158|183|166|133|134|117|107|97|85|64|78|61|41|73|77|69|58|57|62|60|47|48|61|49|52|40|49|48|34|38|49|37|32|45|45|38|40|38|40|31|40|35|37|31|35|24|32|21|36|21|30|24|21|18|25|16|12|16|16|10|15|15|19|12|16|15|11|7|11|12|3|9|15|10|13|9|4|8|10|8|8|6|7|9|12|10|6|8|5|4|5|4|4|7|1|10|6|7|3|4|4|2|6|6|6|2|4|2|4|2|3|5|5|3|0|2|4|2|3|8|0|1|2|3|3|1|3|4|3|6|4|2|4|5|0|2|3|2|1|1|1|0|2|2|0|4|0|1|0|2|1|2|1|0|2|5|1|4|1|2|3|1|0|2|1|1|3|0|0|0|3|2|0|2|0|3|1|0|0|0|1|0|1|0|2|1|2|0|1|0|0|1|0|0|1|1|0|2|0|1|1|1|0|0|0|0|0|0|0|0|0|0|0|0|0|0|0|1|1|0|0|1|0|0|0|0|2|0|0|0|0|0|0|0|1|0|0|0|0|0|0|0|0|0|0|0|0|0|0|1|0</HistCounts>
      </HistItem>
    </Histograms>
    <Metadata>
      <MDI key="LAYER_TYPE">athematic</MDI>
      <MDI key="STATISTICS_COVARIANCES">0.004582351387069898</MDI>
      <MDI key="STATISTICS_EXCLUDEDVALUES"></MDI>
      <MDI key="STATISTICS_MAXIMUM">0.52310448884964</MDI>
      <MDI key="STATISTICS_MEAN">0.054539035845763</MDI>
      <MDI key="STATISTICS_MEDIAN">0</MDI>
      <MDI key="STATISTICS_MINIMUM">8.9451197709423e-005</MDI>
      <MDI key="STATISTICS_MODE">0</MDI>
      <MDI key="STATISTICS_SKIPFACTORX">1</MDI>
      <MDI key="STATISTICS_SKIPFACTORY">1</MDI>
      <MDI key="STATISTICS_STDDEV">0.067693067496383</MDI>
    </Metadata>
  </PAMRasterBand>
</PAMDataset>
