<PAMDataset>
  <PAMRasterBand band="1">
    <Description>Layer_1</Description>
    <Histograms>
      <HistItem>
        <HistMin>8.702070772415e-005</HistMin>
        <HistMax>0.71565139293671</HistMax>
        <BucketCount>256</BucketCount>
        <IncludeOutOfRange>1</IncludeOutOfRange>
        <Approximate>0</Approximate>
        <HistCounts>623|359|279|224|163|169|156|146|116|92|106|108|91|102|87|89|64|79|78|64|55|54|59|47|47|42|48|41|46|40|33|46|37|36|49|37|35|31|31|19|32|32|36|18|28|23|30|26|18|14|32|24|16|20|12|21|24|16|18|23|16|20|21|16|22|15|14|18|14|13|6|15|19|13|15|14|10|12|19|21|8|10|14|15|13|8|10|13|15|13|7|4|15|6|8|10|15|10|6|16|5|2|5|5|7|8|10|6|5|7|3|2|6|9|7|3|5|3|6|2|4|5|4|4|3|4|2|2|1|1|7|4|3|1|3|3|2|4|1|3|4|2|1|2|2|3|1|5|0|0|1|4|0|5|5|1|3|3|0|3|2|0|2|2|1|0|1|0|2|0|2|2|2|2|0|0|2|1|0|0|3|0|1|0|1|1|1|2|1|0|0|1|0|1|0|0|0|0|1|0|0|1|0|0|0|0|1|1|0|1|0|0|1|2|1|1|0|0|1|0|0|1|0|1|1|0|0|0|0|1|0|0|0|0|0|1|0|0|0|0|0|0|1|0|1|1|0|0|0|0|0|0|0|0|1|0</HistCounts>
      </HistItem>
    </Histograms>
    <Metadata>
      <MDI key="LAYER_TYPE">athematic</MDI>
      <MDI key="STATISTICS_COVARIANCES">0.009989602242433209</MDI>
      <MDI key="STATISTICS_EXCLUDEDVALUES"></MDI>
      <MDI key="STATISTICS_MAXIMUM">0.71565139293671</MDI>
      <MDI key="STATISTICS_MEAN">0.077072922009905</MDI>
      <MDI key="STATISTICS_MEDIAN">0</MDI>
      <MDI key="STATISTICS_MINIMUM">8.702070772415e-005</MDI>
      <MDI key="STATISTICS_MODE">0</MDI>
      <MDI key="STATISTICS_SKIPFACTORX">1</MDI>
      <MDI key="STATISTICS_SKIPFACTORY">1</MDI>
      <MDI key="STATISTICS_STDDEV">0.099947997690965</MDI>
    </Metadata>
  </PAMRasterBand>
</PAMDataset>
