<PAMDataset>
  <PAMRasterBand band="1">
    <Description>Layer_1</Description>
    <Histograms>
      <HistItem>
        <HistMin>5.9979556681355e-005</HistMin>
        <HistMax>0.71829199790955</HistMax>
        <BucketCount>256</BucketCount>
        <IncludeOutOfRange>1</IncludeOutOfRange>
        <Approximate>0</Approximate>
        <HistCounts>829|404|399|355|252|213|158|132|110|98|98|81|81|78|66|69|69|74|58|58|67|64|63|46|47|30|49|43|33|29|35|21|29|25|27|19|20|23|22|20|13|29|20|23|17|18|12|19|24|20|18|22|19|13|14|11|23|9|12|12|15|16|18|10|14|13|7|12|13|17|9|10|9|14|15|10|7|8|10|4|10|10|4|7|7|3|7|7|3|7|3|6|1|5|1|3|1|2|3|5|5|5|4|3|2|6|2|1|3|3|2|3|7|3|3|6|2|2|0|3|1|0|5|1|1|2|8|1|1|3|1|2|1|0|3|2|2|4|2|2|1|2|1|0|0|5|4|2|2|1|1|3|1|1|1|3|0|1|3|0|0|1|3|0|1|2|1|1|1|2|1|2|1|0|5|4|0|0|1|2|2|0|3|2|2|3|1|2|0|1|2|2|1|1|0|2|0|0|0|0|1|2|1|0|1|0|1|0|1|0|2|2|0|0|0|0|3|0|0|0|1|0|2|0|0|0|0|1|1|1|0|0|1|0|0|0|1|0|0|0|1|2|0|0|0|0|0|0|0|0|0|0|0|0|1|0</HistCounts>
      </HistItem>
    </Histograms>
    <Metadata>
      <MDI key="LAYER_TYPE">athematic</MDI>
      <MDI key="STATISTICS_COVARIANCES">0.009257760420090695</MDI>
      <MDI key="STATISTICS_EXCLUDEDVALUES"></MDI>
      <MDI key="STATISTICS_MAXIMUM">0.71829199790955</MDI>
      <MDI key="STATISTICS_MEAN">0.060589528636973</MDI>
      <MDI key="STATISTICS_MEDIAN">0</MDI>
      <MDI key="STATISTICS_MINIMUM">5.9979556681355e-005</MDI>
      <MDI key="STATISTICS_MODE">0</MDI>
      <MDI key="STATISTICS_SKIPFACTORX">1</MDI>
      <MDI key="STATISTICS_SKIPFACTORY">1</MDI>
      <MDI key="STATISTICS_STDDEV">0.096217256352957</MDI>
    </Metadata>
  </PAMRasterBand>
</PAMDataset>
