<PAMDataset>
  <PAMRasterBand band="1">
    <Description>Layer_1</Description>
    <Histograms>
      <HistItem>
        <HistMin>0.00010371448297519</HistMin>
        <HistMax>0.78407633304596</HistMax>
        <BucketCount>256</BucketCount>
        <IncludeOutOfRange>1</IncludeOutOfRange>
        <Approximate>0</Approximate>
        <HistCounts>618|312|171|198|159|154|123|134|125|117|123|110|95|98|80|94|85|72|75|83|79|76|66|56|58|56|51|59|68|55|36|49|45|38|28|45|43|48|41|30|26|43|39|26|29|26|29|27|26|34|20|15|24|29|21|20|15|13|19|25|14|17|15|21|23|10|10|15|9|9|13|8|8|16|16|12|13|13|10|8|13|9|7|12|5|10|14|15|7|8|11|10|7|7|5|5|8|4|12|7|15|9|3|8|6|11|7|5|5|7|5|10|14|8|5|4|3|4|7|6|2|1|3|2|6|5|4|4|3|4|6|3|2|0|4|5|6|4|1|1|6|3|2|2|2|1|4|2|2|1|2|1|2|2|4|1|1|2|1|0|1|2|1|2|1|2|2|0|0|2|1|0|0|1|1|0|0|0|1|0|0|0|4|1|0|1|3|0|0|0|0|1|1|0|1|1|1|0|0|0|0|0|1|0|0|0|0|0|1|0|0|0|0|1|0|1|0|0|0|0|0|0|0|0|0|0|1|0|0|0|0|0|0|1|1|0|0|0|0|0|0|1|0|0|0|0|0|0|0|0|0|0|0|1|1|0</HistCounts>
      </HistItem>
    </Histograms>
    <Metadata>
      <MDI key="LAYER_TYPE">athematic</MDI>
      <MDI key="STATISTICS_COVARIANCES">0.01100335299621682</MDI>
      <MDI key="STATISTICS_EXCLUDEDVALUES"></MDI>
      <MDI key="STATISTICS_MAXIMUM">0.78407633304596</MDI>
      <MDI key="STATISTICS_MEAN">0.085351302635959</MDI>
      <MDI key="STATISTICS_MEDIAN">0</MDI>
      <MDI key="STATISTICS_MINIMUM">0.00010371448297519</MDI>
      <MDI key="STATISTICS_MODE">0</MDI>
      <MDI key="STATISTICS_SKIPFACTORX">1</MDI>
      <MDI key="STATISTICS_SKIPFACTORY">1</MDI>
      <MDI key="STATISTICS_STDDEV">0.10489686838136</MDI>
    </Metadata>
  </PAMRasterBand>
</PAMDataset>
