<PAMDataset>
  <PAMRasterBand band="1">
    <Description>Layer_1</Description>
    <Histograms>
      <HistItem>
        <HistMin>4.8921003326541e-005</HistMin>
        <HistMax>0.52137953042984</HistMax>
        <BucketCount>256</BucketCount>
        <IncludeOutOfRange>1</IncludeOutOfRange>
        <Approximate>0</Approximate>
        <HistCounts>444|323|288|251|224|156|189|141|130|134|122|130|109|70|67|72|58|72|72|64|57|58|67|63|59|53|49|47|44|43|48|35|38|46|39|50|44|50|43|35|31|43|26|35|37|36|43|29|27|24|30|37|32|26|28|18|22|18|19|12|20|20|18|13|13|20|12|14|16|7|11|11|9|14|11|16|7|9|6|9|9|9|9|12|11|16|7|6|8|3|9|3|5|2|3|8|5|4|7|7|6|5|5|7|10|2|2|4|3|2|1|4|6|2|4|2|4|4|3|5|1|4|2|2|4|7|1|2|4|0|3|1|1|1|4|3|4|0|3|3|1|2|1|2|0|3|1|2|1|1|0|1|4|3|2|3|2|1|2|1|1|2|1|2|1|3|0|1|0|0|3|0|0|3|0|0|2|1|0|1|2|2|1|0|1|2|1|1|1|2|0|2|1|0|1|1|0|5|0|0|1|1|1|3|0|1|1|1|1|0|0|0|0|1|0|0|0|0|1|0|1|0|0|0|0|1|1|0|2|2|0|0|0|0|0|0|1|0|0|0|0|0|0|0|0|0|0|0|0|0|0|0|0|0|0|1</HistCounts>
      </HistItem>
    </Histograms>
    <Metadata>
      <MDI key="LAYER_TYPE">athematic</MDI>
      <MDI key="STATISTICS_COVARIANCES">0.00480354405816609</MDI>
      <MDI key="STATISTICS_EXCLUDEDVALUES"></MDI>
      <MDI key="STATISTICS_MAXIMUM">0.52137953042984</MDI>
      <MDI key="STATISTICS_MEAN">0.054191183489845</MDI>
      <MDI key="STATISTICS_MEDIAN">0</MDI>
      <MDI key="STATISTICS_MINIMUM">4.8921003326541e-005</MDI>
      <MDI key="STATISTICS_MODE">0</MDI>
      <MDI key="STATISTICS_SKIPFACTORX">1</MDI>
      <MDI key="STATISTICS_SKIPFACTORY">1</MDI>
      <MDI key="STATISTICS_STDDEV">0.069307604620028</MDI>
    </Metadata>
  </PAMRasterBand>
</PAMDataset>
