<PAMDataset>
  <PAMRasterBand band="1">
    <Description>Layer_1</Description>
    <Histograms>
      <HistItem>
        <HistMin>1.4930555153114e-005</HistMin>
        <HistMax>0.54059654474258</HistMax>
        <BucketCount>256</BucketCount>
        <IncludeOutOfRange>1</IncludeOutOfRange>
        <Approximate>0</Approximate>
        <HistCounts>410|342|342|267|239|177|178|159|134|123|111|111|94|98|64|103|83|71|72|68|67|53|52|47|62|60|66|43|49|42|48|42|51|41|40|32|43|46|39|39|45|34|34|30|34|39|26|23|23|28|30|26|24|18|15|16|21|19|18|15|11|16|17|9|16|8|7|10|11|8|9|11|22|14|17|6|9|10|9|9|5|2|6|4|4|6|2|1|7|4|5|8|6|4|2|2|8|7|4|3|4|1|3|3|9|2|3|5|7|1|4|5|8|3|4|2|6|2|4|2|4|2|1|6|7|7|4|9|1|6|4|1|2|1|2|1|1|2|1|3|4|1|2|1|1|4|1|1|3|1|2|4|1|0|2|1|1|2|0|0|4|1|1|4|3|0|0|1|1|2|1|3|0|3|2|3|1|0|1|1|3|1|0|0|0|1|2|0|0|1|2|0|2|0|1|1|2|1|0|0|0|1|0|0|0|2|1|0|0|0|0|0|1|0|0|0|0|1|1|2|0|0|1|0|1|0|0|0|0|0|0|0|0|0|0|0|1|0|1|0|0|0|0|0|0|1|1|0|0|0|0|0|0|0|0|1</HistCounts>
      </HistItem>
    </Histograms>
    <Metadata>
      <MDI key="LAYER_TYPE">athematic</MDI>
      <MDI key="STATISTICS_COVARIANCES">0.004998804006922862</MDI>
      <MDI key="STATISTICS_EXCLUDEDVALUES"></MDI>
      <MDI key="STATISTICS_MAXIMUM">0.54059654474258</MDI>
      <MDI key="STATISTICS_MEAN">0.053340264881766</MDI>
      <MDI key="STATISTICS_MEDIAN">0</MDI>
      <MDI key="STATISTICS_MINIMUM">1.4930555153114e-005</MDI>
      <MDI key="STATISTICS_MODE">0</MDI>
      <MDI key="STATISTICS_SKIPFACTORX">1</MDI>
      <MDI key="STATISTICS_SKIPFACTORY">1</MDI>
      <MDI key="STATISTICS_STDDEV">0.070702220664721</MDI>
    </Metadata>
  </PAMRasterBand>
</PAMDataset>
