<PAMDataset>
  <PAMRasterBand band="1">
    <Description>Layer_1</Description>
    <Histograms>
      <HistItem>
        <HistMin>6.898443825775799e-005</HistMin>
        <HistMax>0.83513385057449</HistMax>
        <BucketCount>256</BucketCount>
        <IncludeOutOfRange>1</IncludeOutOfRange>
        <Approximate>0</Approximate>
        <HistCounts>893|431|334|302|226|189|153|162|111|107|105|106|92|86|69|84|57|63|52|47|45|35|30|56|57|59|45|48|42|41|34|47|44|42|43|31|26|28|43|19|22|25|25|30|25|27|22|23|15|9|14|15|16|21|16|18|19|11|9|10|12|10|15|17|11|9|8|6|10|11|6|9|3|3|2|12|5|6|5|8|5|6|4|4|3|2|1|3|6|2|6|6|5|3|3|2|4|4|2|3|3|7|1|2|3|3|3|0|3|2|1|1|2|3|2|0|1|3|0|1|3|2|2|2|2|2|1|4|0|2|2|3|1|1|3|0|4|0|3|2|2|3|1|3|0|1|2|3|0|2|4|2|3|1|1|0|3|1|4|3|2|1|1|0|3|1|2|3|2|4|0|1|0|2|4|2|1|2|2|1|4|1|2|0|0|1|1|0|0|3|1|1|0|1|1|0|2|0|0|0|0|1|1|0|0|0|0|0|1|1|0|0|0|2|0|0|0|0|0|0|1|0|1|0|0|2|0|1|0|0|0|1|0|0|1|0|0|0|0|1|0|0|0|1|0|0|0|0|0|0|0|0|0|0|0|1</HistCounts>
      </HistItem>
    </Histograms>
    <Metadata>
      <MDI key="LAYER_TYPE">athematic</MDI>
      <MDI key="STATISTICS_COVARIANCES">0.01103668031509559</MDI>
      <MDI key="STATISTICS_EXCLUDEDVALUES"></MDI>
      <MDI key="STATISTICS_MAXIMUM">0.83513385057449</MDI>
      <MDI key="STATISTICS_MEAN">0.06701088576918</MDI>
      <MDI key="STATISTICS_MEDIAN">0</MDI>
      <MDI key="STATISTICS_MINIMUM">6.8984438257758e-005</MDI>
      <MDI key="STATISTICS_MODE">0</MDI>
      <MDI key="STATISTICS_SKIPFACTORX">1</MDI>
      <MDI key="STATISTICS_SKIPFACTORY">1</MDI>
      <MDI key="STATISTICS_STDDEV">0.10505560582423</MDI>
    </Metadata>
  </PAMRasterBand>
</PAMDataset>
