<PAMDataset>
  <PAMRasterBand band="1">
    <Description>Layer_1</Description>
    <Histograms>
      <HistItem>
        <HistMin>9.1203612100799e-005</HistMin>
        <HistMax>0.78037130832672</HistMax>
        <BucketCount>256</BucketCount>
        <IncludeOutOfRange>1</IncludeOutOfRange>
        <Approximate>0</Approximate>
        <HistCounts>592|311|211|189|174|138|131|122|129|118|130|110|120|90|84|100|83|71|92|67|77|73|66|59|65|50|64|56|39|58|43|41|54|41|36|38|40|51|44|30|34|24|30|21|18|24|36|21|29|25|20|12|24|17|33|19|18|16|18|14|25|11|13|15|15|12|21|12|10|13|17|17|11|11|20|11|10|12|16|13|16|10|8|11|3|15|10|7|9|11|4|10|11|7|5|7|10|5|8|8|14|8|6|5|2|4|12|6|3|4|6|11|10|6|9|7|5|6|6|5|3|9|1|6|2|4|4|6|5|6|0|3|2|3|2|3|5|2|3|4|3|2|3|2|1|3|0|1|3|2|2|3|1|2|1|2|2|2|3|4|1|0|1|1|0|1|1|2|1|0|1|0|0|1|2|0|0|0|1|1|1|1|0|1|0|1|0|3|0|0|1|1|1|0|0|0|0|1|0|0|1|1|0|0|0|0|0|0|0|1|0|0|0|0|0|0|0|1|0|0|0|1|0|0|1|1|0|0|0|0|0|0|0|0|0|0|0|1|0|0|0|0|0|0|1|0|0|0|0|0|0|0|0|0|0|1</HistCounts>
      </HistItem>
    </Histograms>
    <Metadata>
      <MDI key="LAYER_TYPE">athematic</MDI>
      <MDI key="STATISTICS_COVARIANCES">0.01083183068561216</MDI>
      <MDI key="STATISTICS_EXCLUDEDVALUES"></MDI>
      <MDI key="STATISTICS_MAXIMUM">0.78037130832672</MDI>
      <MDI key="STATISTICS_MEAN">0.084373867811388</MDI>
      <MDI key="STATISTICS_MEDIAN">0</MDI>
      <MDI key="STATISTICS_MINIMUM">9.1203612100799e-005</MDI>
      <MDI key="STATISTICS_MODE">0</MDI>
      <MDI key="STATISTICS_SKIPFACTORX">1</MDI>
      <MDI key="STATISTICS_SKIPFACTORY">1</MDI>
      <MDI key="STATISTICS_STDDEV">0.10407608123682</MDI>
    </Metadata>
  </PAMRasterBand>
</PAMDataset>
