<PAMDataset>
  <PAMRasterBand band="1">
    <Description>Layer_1</Description>
    <Histograms>
      <HistItem>
        <HistMin>4.2506348108873e-005</HistMin>
        <HistMax>0.79437333345413</HistMax>
        <BucketCount>256</BucketCount>
        <IncludeOutOfRange>1</IncludeOutOfRange>
        <Approximate>0</Approximate>
        <HistCounts>815|354|257|200|199|177|171|153|127|133|140|114|106|89|73|84|77|71|79|50|52|59|62|54|53|42|32|63|46|35|41|41|42|36|44|39|34|33|36|37|32|20|36|20|36|19|19|25|22|23|21|21|19|16|14|23|16|11|16|14|14|16|18|10|5|12|12|12|11|14|11|10|9|10|10|7|5|14|6|9|9|3|2|6|5|2|3|3|3|4|4|6|4|4|9|5|1|3|4|5|3|3|2|4|3|2|2|4|1|5|5|4|6|3|0|3|1|3|1|2|0|5|2|3|0|1|3|0|4|1|6|6|3|0|1|1|2|0|4|1|1|2|2|1|2|2|3|0|2|4|2|2|1|2|0|1|1|1|0|1|2|1|1|0|3|1|4|0|3|0|4|2|4|1|1|0|1|2|2|1|1|1|2|1|0|0|1|1|3|0|1|1|1|2|1|1|1|0|0|1|1|0|0|0|1|1|1|3|1|1|0|0|0|0|0|0|3|2|3|0|2|0|0|0|1|1|1|0|0|1|0|0|1|1|0|0|1|0|0|0|1|1|0|0|0|0|0|0|1|0|0|0|0|0|0|1</HistCounts>
      </HistItem>
    </Histograms>
    <Metadata>
      <MDI key="LAYER_TYPE">athematic</MDI>
      <MDI key="STATISTICS_COVARIANCES">0.0112231446598442</MDI>
      <MDI key="STATISTICS_EXCLUDEDVALUES"></MDI>
      <MDI key="STATISTICS_MAXIMUM">0.79437333345413</MDI>
      <MDI key="STATISTICS_MEAN">0.072020144948013</MDI>
      <MDI key="STATISTICS_MEDIAN">0</MDI>
      <MDI key="STATISTICS_MINIMUM">4.2506348108873e-005</MDI>
      <MDI key="STATISTICS_MODE">0</MDI>
      <MDI key="STATISTICS_SKIPFACTORX">1</MDI>
      <MDI key="STATISTICS_SKIPFACTORY">1</MDI>
      <MDI key="STATISTICS_STDDEV">0.1059393442487</MDI>
    </Metadata>
  </PAMRasterBand>
</PAMDataset>
