<PAMDataset>
  <PAMRasterBand band="1">
    <Description>Layer_1</Description>
    <Histograms>
      <HistItem>
        <HistMin>0.00019626892753877</HistMin>
        <HistMax>0.62900078296661</HistMax>
        <BucketCount>256</BucketCount>
        <IncludeOutOfRange>1</IncludeOutOfRange>
        <Approximate>0</Approximate>
        <HistCounts>475|338|248|214|174|221|164|131|125|92|138|113|111|109|112|101|91|116|103|73|81|75|73|69|65|51|63|61|42|57|51|45|52|48|37|23|34|23|35|33|34|26|33|29|19|19|29|27|22|20|15|10|15|17|11|6|13|18|11|20|15|15|17|12|15|16|5|11|7|9|9|8|8|7|12|6|11|11|2|10|8|9|13|9|11|10|10|11|6|3|8|8|7|7|5|2|9|5|6|1|5|7|9|7|1|8|9|7|4|6|7|5|5|2|1|4|4|2|4|7|6|3|6|5|3|6|5|4|2|5|4|3|2|3|4|2|2|2|1|2|2|2|5|4|3|4|1|5|3|1|0|4|4|2|1|3|0|6|2|1|1|4|2|2|0|3|2|1|3|1|2|2|2|1|0|1|0|0|1|1|0|0|2|2|0|0|0|0|0|0|0|0|1|0|0|0|0|0|1|1|0|1|0|0|0|0|0|1|0|0|0|1|0|0|0|2|0|0|0|0|0|0|0|0|0|0|0|0|1|0|0|0|0|0|0|0|0|0|0|0|0|0|0|0|0|0|0|0|0|0|0|0|0|0|0|1</HistCounts>
      </HistItem>
    </Histograms>
    <Metadata>
      <MDI key="LAYER_TYPE">athematic</MDI>
      <MDI key="STATISTICS_COVARIANCES">0.006607421031964962</MDI>
      <MDI key="STATISTICS_EXCLUDEDVALUES"></MDI>
      <MDI key="STATISTICS_MAXIMUM">0.62900078296661</MDI>
      <MDI key="STATISTICS_MEAN">0.063034261014786</MDI>
      <MDI key="STATISTICS_MEDIAN">0</MDI>
      <MDI key="STATISTICS_MINIMUM">0.00019626892753877</MDI>
      <MDI key="STATISTICS_MODE">0</MDI>
      <MDI key="STATISTICS_SKIPFACTORX">1</MDI>
      <MDI key="STATISTICS_SKIPFACTORY">1</MDI>
      <MDI key="STATISTICS_STDDEV">0.081286044509282</MDI>
    </Metadata>
  </PAMRasterBand>
</PAMDataset>
