<PAMDataset>
  <PAMRasterBand band="1">
    <Description>Layer_1</Description>
    <Histograms>
      <HistItem>
        <HistMin>6.1414786614478e-005</HistMin>
        <HistMax>0.65084528923035</HistMax>
        <BucketCount>256</BucketCount>
        <IncludeOutOfRange>1</IncludeOutOfRange>
        <Approximate>0</Approximate>
        <HistCounts>641|421|275|259|225|166|157|131|112|107|85|81|73|87|59|80|81|64|51|68|57|50|70|55|60|37|45|40|59|60|38|35|38|34|40|49|31|30|35|40|25|32|34|28|25|32|21|24|24|28|20|23|25|17|22|19|26|21|14|15|13|20|18|15|13|13|16|14|12|11|15|13|13|12|7|8|17|11|8|10|12|11|9|8|9|15|6|14|6|9|8|10|5|5|6|6|5|4|3|5|5|5|3|2|2|8|5|2|4|7|7|5|3|3|4|7|5|3|4|4|2|4|3|2|5|2|4|4|5|2|3|4|3|3|5|0|2|2|1|1|4|2|2|2|2|1|5|0|2|1|2|3|0|2|2|1|0|2|3|3|3|6|2|1|1|1|2|4|4|2|1|1|0|3|4|3|2|0|0|2|1|1|1|0|3|0|1|0|3|4|0|1|0|3|0|0|0|1|0|0|1|1|0|0|1|2|1|2|2|0|0|1|1|0|0|1|0|0|0|1|1|1|2|0|1|0|0|0|1|0|1|0|0|0|0|0|0|1|0|1|0|0|0|0|0|0|0|0|0|0|0|0|0|0|1|0</HistCounts>
      </HistItem>
    </Histograms>
    <Metadata>
      <MDI key="LAYER_TYPE">athematic</MDI>
      <MDI key="STATISTICS_COVARIANCES">0.008455044858188326</MDI>
      <MDI key="STATISTICS_EXCLUDEDVALUES"></MDI>
      <MDI key="STATISTICS_MAXIMUM">0.65084528923035</MDI>
      <MDI key="STATISTICS_MEAN">0.067220343757205</MDI>
      <MDI key="STATISTICS_MEDIAN">0</MDI>
      <MDI key="STATISTICS_MINIMUM">6.1414786614478e-005</MDI>
      <MDI key="STATISTICS_MODE">0</MDI>
      <MDI key="STATISTICS_SKIPFACTORX">1</MDI>
      <MDI key="STATISTICS_SKIPFACTORY">1</MDI>
      <MDI key="STATISTICS_STDDEV">0.091951317870862</MDI>
    </Metadata>
  </PAMRasterBand>
</PAMDataset>
