<PAMDataset>
  <PAMRasterBand band="1">
    <Description>Layer_1</Description>
    <Histograms>
      <HistItem>
        <HistMin>6.8617693614215e-005</HistMin>
        <HistMax>0.50145971775055</HistMax>
        <BucketCount>256</BucketCount>
        <IncludeOutOfRange>1</IncludeOutOfRange>
        <Approximate>0</Approximate>
        <HistCounts>502|238|223|210|202|151|156|118|136|131|97|100|94|93|121|101|110|103|79|91|71|82|74|65|68|54|67|62|58|52|46|37|43|43|51|29|30|38|30|35|34|20|30|21|34|25|35|40|22|24|23|22|20|19|17|23|11|11|9|13|16|14|15|12|14|11|16|14|10|16|12|14|14|9|9|10|9|7|9|9|9|11|7|6|6|5|7|5|11|5|5|8|6|7|4|9|7|5|5|8|4|5|6|8|5|5|4|3|5|7|7|1|5|4|3|5|2|5|2|3|4|5|7|3|5|3|4|2|3|2|5|5|2|1|1|4|4|3|3|2|4|3|4|3|4|5|2|4|7|4|2|7|5|6|1|3|2|5|5|4|4|3|1|2|5|4|3|2|4|2|2|7|1|4|3|0|2|3|3|0|2|2|2|2|3|0|2|2|1|1|2|2|4|1|1|2|1|1|1|3|2|2|3|4|2|0|0|0|0|0|2|0|1|2|1|2|0|1|0|0|1|1|1|0|0|1|0|3|1|0|0|0|0|1|0|0|0|0|0|1|0|0|2|0|1|0|0|0|0|0|1|0|0|1|1|0</HistCounts>
      </HistItem>
    </Histograms>
    <Metadata>
      <MDI key="LAYER_TYPE">athematic</MDI>
      <MDI key="STATISTICS_COVARIANCES">0.006173067787848269</MDI>
      <MDI key="STATISTICS_EXCLUDEDVALUES"></MDI>
      <MDI key="STATISTICS_MAXIMUM">0.50145971775055</MDI>
      <MDI key="STATISTICS_MEAN">0.058651296576965</MDI>
      <MDI key="STATISTICS_MEDIAN">0</MDI>
      <MDI key="STATISTICS_MINIMUM">6.8617693614215e-005</MDI>
      <MDI key="STATISTICS_MODE">0</MDI>
      <MDI key="STATISTICS_SKIPFACTORX">1</MDI>
      <MDI key="STATISTICS_SKIPFACTORY">1</MDI>
      <MDI key="STATISTICS_STDDEV">0.078568872894094</MDI>
    </Metadata>
  </PAMRasterBand>
</PAMDataset>
