<PAMDataset>
  <PAMRasterBand band="1">
    <Description>Layer_1</Description>
    <Histograms>
      <HistItem>
        <HistMin>4.5963570300955e-005</HistMin>
        <HistMax>0.84054070711136</HistMax>
        <BucketCount>256</BucketCount>
        <IncludeOutOfRange>1</IncludeOutOfRange>
        <Approximate>0</Approximate>
        <HistCounts>802|338|246|248|185|171|167|146|134|121|104|99|111|86|73|85|79|48|60|67|65|71|56|47|60|41|49|46|56|51|38|53|61|49|35|42|42|39|35|34|36|23|28|34|32|29|19|16|27|25|19|17|29|18|14|19|23|15|12|11|9|21|13|16|20|6|13|6|13|7|12|6|10|5|9|6|6|3|12|4|12|2|8|5|9|9|3|5|3|3|2|5|7|5|1|2|6|5|4|4|4|7|2|3|3|3|7|2|2|4|2|0|2|2|4|6|1|2|3|5|0|2|1|8|2|3|3|2|2|2|5|4|3|1|1|3|4|2|1|1|0|3|1|3|2|2|1|3|1|1|1|4|0|2|1|0|1|2|0|3|3|1|3|0|0|0|2|2|0|1|0|2|1|3|0|0|1|2|1|1|0|1|1|0|3|0|0|0|1|2|1|2|1|0|1|0|2|0|0|0|1|1|1|0|1|1|1|1|0|0|0|0|0|0|3|0|0|0|3|2|0|0|0|0|0|0|0|0|0|0|0|0|0|0|0|0|0|0|0|0|0|0|0|0|1|0|1|0|0|1|0|0|0|0|1|0</HistCounts>
      </HistItem>
    </Histograms>
    <Metadata>
      <MDI key="LAYER_TYPE">athematic</MDI>
      <MDI key="STATISTICS_COVARIANCES">0.01127666904216464</MDI>
      <MDI key="STATISTICS_EXCLUDEDVALUES"></MDI>
      <MDI key="STATISTICS_MAXIMUM">0.84054070711136</MDI>
      <MDI key="STATISTICS_MEAN">0.075799363313303</MDI>
      <MDI key="STATISTICS_MEDIAN">0</MDI>
      <MDI key="STATISTICS_MINIMUM">4.5963570300955e-005</MDI>
      <MDI key="STATISTICS_MODE">0</MDI>
      <MDI key="STATISTICS_SKIPFACTORX">1</MDI>
      <MDI key="STATISTICS_SKIPFACTORY">1</MDI>
      <MDI key="STATISTICS_STDDEV">0.10619166182975</MDI>
    </Metadata>
  </PAMRasterBand>
</PAMDataset>
