<PAMDataset>
  <PAMRasterBand band="1">
    <Description>Layer_1</Description>
    <Histograms>
      <HistItem>
        <HistMin>3.1586005206918e-005</HistMin>
        <HistMax>0.66899025440216</HistMax>
        <BucketCount>256</BucketCount>
        <IncludeOutOfRange>1</IncludeOutOfRange>
        <Approximate>0</Approximate>
        <HistCounts>553|431|302|275|208|183|162|132|127|98|87|87|72|78|61|65|60|73|66|59|64|54|47|53|54|57|63|45|46|40|38|48|28|33|41|34|34|41|27|36|30|27|35|20|26|22|27|21|35|21|25|28|12|32|21|17|26|17|19|19|21|15|11|16|13|17|9|16|20|10|14|16|11|9|10|11|15|13|17|18|12|11|12|10|10|12|6|8|11|15|9|8|9|9|10|5|5|8|3|5|5|5|6|9|7|6|5|5|6|6|4|2|6|3|6|5|3|5|4|4|2|2|3|4|3|2|4|3|5|1|5|2|2|4|1|5|3|1|6|3|4|1|1|2|1|0|4|5|1|3|0|5|1|3|1|2|2|4|4|2|0|2|2|1|2|5|5|1|1|1|1|0|2|0|2|2|4|2|0|0|1|0|3|0|3|1|1|2|0|0|0|1|2|1|0|0|0|1|2|1|1|1|0|1|1|0|1|0|0|2|0|0|0|1|2|0|0|0|0|0|0|2|0|3|0|2|0|1|0|0|1|0|1|1|0|0|0|0|0|0|0|0|0|0|0|0|0|0|0|0|0|0|0|0|0|1</HistCounts>
      </HistItem>
    </Histograms>
    <Metadata>
      <MDI key="LAYER_TYPE">athematic</MDI>
      <MDI key="STATISTICS_COVARIANCES">0.009157133022370133</MDI>
      <MDI key="STATISTICS_EXCLUDEDVALUES"></MDI>
      <MDI key="STATISTICS_MAXIMUM">0.66899025440216</MDI>
      <MDI key="STATISTICS_MEAN">0.071315138784166</MDI>
      <MDI key="STATISTICS_MEDIAN">0</MDI>
      <MDI key="STATISTICS_MINIMUM">3.1586005206918e-005</MDI>
      <MDI key="STATISTICS_MODE">0</MDI>
      <MDI key="STATISTICS_SKIPFACTORX">1</MDI>
      <MDI key="STATISTICS_SKIPFACTORY">1</MDI>
      <MDI key="STATISTICS_STDDEV">0.095692909990083</MDI>
    </Metadata>
  </PAMRasterBand>
</PAMDataset>
