<PAMDataset>
  <PAMRasterBand band="1">
    <Description>Layer_1</Description>
    <Histograms>
      <HistItem>
        <HistMin>0.00017040970851667</HistMin>
        <HistMax>0.7493577599525501</HistMax>
        <BucketCount>256</BucketCount>
        <IncludeOutOfRange>1</IncludeOutOfRange>
        <Approximate>0</Approximate>
        <HistCounts>640|271|206|157|152|135|113|126|120|101|102|88|103|90|81|96|88|86|86|56|83|83|69|73|73|48|64|65|57|42|56|53|49|47|42|37|39|50|46|35|25|47|19|31|28|32|28|39|20|24|18|17|27|15|20|15|25|18|21|18|13|18|14|18|12|11|16|12|18|11|17|15|10|10|20|17|12|11|7|10|13|10|10|8|15|12|10|13|13|8|11|5|11|8|8|7|11|8|8|7|4|8|7|9|6|5|2|4|7|12|7|5|5|10|5|8|3|9|6|7|7|4|3|3|5|5|4|2|4|4|7|1|7|5|6|4|5|2|2|3|2|2|2|4|2|1|3|0|5|2|2|3|1|8|3|4|4|0|2|2|1|7|2|3|1|1|1|0|2|1|1|0|2|2|0|0|3|2|0|2|1|0|0|0|2|0|1|1|3|0|1|0|0|0|1|0|2|0|0|1|1|0|0|0|1|0|1|0|1|0|0|2|0|0|0|0|2|0|0|0|0|0|0|0|0|0|0|1|0|0|1|0|0|1|0|0|0|1|0|0|0|0|0|1|0|0|0|0|0|0|0|0|0|0|1|0</HistCounts>
      </HistItem>
    </Histograms>
    <Metadata>
      <MDI key="LAYER_TYPE">athematic</MDI>
      <MDI key="STATISTICS_COVARIANCES">0.01122593530734015</MDI>
      <MDI key="STATISTICS_EXCLUDEDVALUES"></MDI>
      <MDI key="STATISTICS_MAXIMUM">0.74935775995255</MDI>
      <MDI key="STATISTICS_MEAN">0.086499818325541</MDI>
      <MDI key="STATISTICS_MEDIAN">0</MDI>
      <MDI key="STATISTICS_MINIMUM">0.00017040970851667</MDI>
      <MDI key="STATISTICS_MODE">0</MDI>
      <MDI key="STATISTICS_SKIPFACTORX">1</MDI>
      <MDI key="STATISTICS_SKIPFACTORY">1</MDI>
      <MDI key="STATISTICS_STDDEV">0.10595251439839</MDI>
    </Metadata>
  </PAMRasterBand>
</PAMDataset>
