<PAMDataset>
  <PAMRasterBand band="1">
    <Description>Layer_1</Description>
    <Histograms>
      <HistItem>
        <HistMin>0.00026060387608595</HistMin>
        <HistMax>0.59576588869095</HistMax>
        <BucketCount>256</BucketCount>
        <IncludeOutOfRange>1</IncludeOutOfRange>
        <Approximate>0</Approximate>
        <HistCounts>405|346|217|183|149|152|168|148|139|125|101|72|89|73|93|75|90|70|80|86|67|67|70|64|65|71|57|52|45|49|47|54|42|47|45|42|43|50|48|37|41|43|33|40|40|30|36|41|42|37|31|33|24|23|30|35|21|17|29|27|19|16|10|14|15|19|10|16|8|12|9|11|16|7|16|6|10|9|10|12|8|9|7|7|3|10|8|13|5|10|4|8|2|7|7|5|8|6|3|3|9|4|4|7|8|4|5|6|9|4|7|5|6|2|5|6|3|6|3|6|7|4|5|3|3|5|4|2|9|0|6|3|3|4|9|3|3|1|3|3|2|2|5|2|4|3|4|2|5|5|2|1|1|1|1|0|4|3|3|6|3|1|1|3|4|1|3|1|4|3|0|5|1|2|1|1|2|1|0|0|3|0|1|1|0|0|2|3|2|0|2|2|0|2|4|1|0|2|0|0|2|0|0|1|3|0|1|2|1|0|1|0|1|0|0|0|1|2|0|1|0|0|0|2|1|0|0|0|1|0|3|0|0|0|0|0|0|0|0|0|0|0|0|0|0|0|0|0|0|0|0|0|0|0|1|0</HistCounts>
      </HistItem>
    </Histograms>
    <Metadata>
      <MDI key="LAYER_TYPE">athematic</MDI>
      <MDI key="STATISTICS_COVARIANCES">0.007439629278937666</MDI>
      <MDI key="STATISTICS_EXCLUDEDVALUES"></MDI>
      <MDI key="STATISTICS_MAXIMUM">0.59576588869095</MDI>
      <MDI key="STATISTICS_MEAN">0.070401984016528</MDI>
      <MDI key="STATISTICS_MEDIAN">0</MDI>
      <MDI key="STATISTICS_MINIMUM">0.00026060387608595</MDI>
      <MDI key="STATISTICS_MODE">0</MDI>
      <MDI key="STATISTICS_SKIPFACTORX">1</MDI>
      <MDI key="STATISTICS_SKIPFACTORY">1</MDI>
      <MDI key="STATISTICS_STDDEV">0.08625328561242</MDI>
    </Metadata>
  </PAMRasterBand>
</PAMDataset>
