<PAMDataset>
  <PAMRasterBand band="1">
    <Description>Layer_1</Description>
    <Histograms>
      <HistItem>
        <HistMin>140.92965698242</HistMin>
        <HistMax>1895.7144775391</HistMax>
        <BucketCount>256</BucketCount>
        <IncludeOutOfRange>1</IncludeOutOfRange>
        <Approximate>0</Approximate>
        <HistCounts>7|10|7|14|19|35|94|168|183|233|216|193|168|136|137|151|197|194|137|137|108|103|61|32|35|16|12|18|9|11|10|9|11|13|14|11|11|18|14|13|13|16|12|17|7|13|7|11|11|11|4|8|7|7|5|2|6|8|3|5|2|3|2|7|4|7|4|4|12|7|3|15|7|10|13|13|11|11|12|11|8|8|14|8|11|17|18|14|20|20|21|23|21|24|29|31|36|30|31|23|25|25|17|21|18|11|18|23|20|21|22|21|16|12|25|25|22|16|17|27|22|25|26|17|20|31|22|25|25|22|28|28|33|26|28|17|19|20|20|17|22|17|19|12|14|12|14|15|12|14|17|8|10|17|14|17|15|11|18|19|13|10|13|14|19|10|15|14|16|14|13|18|11|13|6|4|12|8|8|9|6|11|6|5|6|6|3|7|9|2|7|11|6|5|5|3|0|6|8|3|7|4|3|4|2|2|0|4|4|1|1|0|3|1|2|3|1|0|0|1|3|0|0|0|1|0|1|0|0|1|0|0|0|1|0|1|0|0|3|0|0|0|1|0|0|1|0|0|0|0|0|0|0|0|1|0</HistCounts>
      </HistItem>
    </Histograms>
    <Metadata>
      <MDI key="LAYER_TYPE">athematic</MDI>
      <MDI key="STATISTICS_COVARIANCES">165898.9745823416</MDI>
      <MDI key="STATISTICS_EXCLUDEDVALUES"></MDI>
      <MDI key="STATISTICS_MAXIMUM">1895.7144775391</MDI>
      <MDI key="STATISTICS_MEAN">565.09219101371</MDI>
      <MDI key="STATISTICS_MEDIAN">0</MDI>
      <MDI key="STATISTICS_MINIMUM">140.92965698242</MDI>
      <MDI key="STATISTICS_MODE">0</MDI>
      <MDI key="STATISTICS_SKIPFACTORX">1</MDI>
      <MDI key="STATISTICS_SKIPFACTORY">1</MDI>
      <MDI key="STATISTICS_STDDEV">407.30697831285</MDI>
    </Metadata>
  </PAMRasterBand>
</PAMDataset>
