<PAMDataset>
  <PAMRasterBand band="1">
    <Description>Layer_1</Description>
    <Histograms>
      <HistItem>
        <HistMin>108.91899871826</HistMin>
        <HistMax>1754.3640136719</HistMax>
        <BucketCount>256</BucketCount>
        <IncludeOutOfRange>1</IncludeOutOfRange>
        <Approximate>0</Approximate>
        <HistCounts>2|1|4|13|33|84|151|251|288|257|213|158|146|155|92|87|74|62|65|79|89|85|88|67|42|25|23|27|15|22|19|11|23|18|17|19|20|15|16|11|21|13|23|27|22|36|52|40|46|76|85|86|90|104|92|83|85|72|77|48|44|52|38|30|45|35|28|34|26|25|30|23|28|30|28|25|27|16|16|23|29|27|15|11|11|11|14|9|11|17|14|21|12|15|9|13|14|14|10|13|10|9|10|5|12|18|12|7|3|5|5|8|8|5|9|9|9|9|8|6|8|6|5|8|6|2|4|6|2|6|6|5|3|1|7|5|4|1|4|0|0|2|3|3|3|3|4|0|0|4|4|0|1|4|0|1|2|2|1|3|2|2|2|4|0|1|1|2|1|1|0|0|1|1|1|1|1|1|1|1|1|0|1|2|2|2|0|0|0|1|0|1|1|0|1|0|1|0|0|1|1|0|0|3|0|0|1|0|0|1|1|0|0|0|0|0|2|0|0|0|0|0|0|0|0|1|0|0|0|0|0|1|0|0|1|0|0|0|0|0|0|0|0|0|0|0|0|0|0|0|0|0|0|0|1|0</HistCounts>
      </HistItem>
    </Histograms>
    <Metadata>
      <MDI key="LAYER_TYPE">athematic</MDI>
      <MDI key="STATISTICS_COVARIANCES">51797.87376695762</MDI>
      <MDI key="STATISTICS_EXCLUDEDVALUES"></MDI>
      <MDI key="STATISTICS_MAXIMUM">1754.3640136719</MDI>
      <MDI key="STATISTICS_MEAN">371.57278845723</MDI>
      <MDI key="STATISTICS_MEDIAN">0</MDI>
      <MDI key="STATISTICS_MINIMUM">108.91899871826</MDI>
      <MDI key="STATISTICS_MODE">0</MDI>
      <MDI key="STATISTICS_SKIPFACTORX">1</MDI>
      <MDI key="STATISTICS_SKIPFACTORY">1</MDI>
      <MDI key="STATISTICS_STDDEV">227.59146242106</MDI>
    </Metadata>
  </PAMRasterBand>
</PAMDataset>
