<PAMDataset>
  <PAMRasterBand band="1">
    <Description>Layer_1</Description>
    <Histograms>
      <HistItem>
        <HistMin>16.225473403931</HistMin>
        <HistMax>29.80611610412601</HistMax>
        <BucketCount>256</BucketCount>
        <IncludeOutOfRange>1</IncludeOutOfRange>
        <Approximate>0</Approximate>
        <HistCounts>1|0|0|0|0|1|0|1|2|1|1|3|1|0|2|0|1|2|0|2|0|0|2|0|0|0|0|1|3|1|1|1|3|1|0|1|2|0|1|0|0|1|2|0|2|0|2|3|0|1|0|1|3|0|1|0|3|0|1|1|5|4|3|0|3|0|5|3|2|5|2|3|2|6|2|2|2|3|5|5|6|3|8|4|3|4|2|6|5|4|3|5|8|7|4|8|10|6|8|6|8|10|17|7|13|19|16|13|9|9|9|6|6|11|16|16|10|5|12|20|22|27|30|20|14|13|11|9|9|12|4|7|9|14|15|10|8|9|7|13|8|7|19|20|16|19|16|31|31|24|19|36|23|27|42|35|32|35|35|33|33|32|33|35|29|30|35|23|26|32|35|34|25|27|26|30|20|28|17|19|27|19|22|19|21|21|17|10|7|11|10|6|9|6|7|9|9|2|8|6|19|31|31|35|52|68|51|76|128|78|53|37|34|30|31|28|33|53|67|108|111|91|50|39|50|44|46|31|44|41|37|38|33|33|59|48|41|52|51|45|59|69|80|80|116|123|154|140|146|86|48|57|34|11|9|0</HistCounts>
      </HistItem>
    </Histograms>
    <Metadata>
      <MDI key="LAYER_TYPE">athematic</MDI>
      <MDI key="STATISTICS_COVARIANCES">6.75280505110581</MDI>
      <MDI key="STATISTICS_EXCLUDEDVALUES"></MDI>
      <MDI key="STATISTICS_MAXIMUM">29.806116104126</MDI>
      <MDI key="STATISTICS_MEAN">26.691875961939</MDI>
      <MDI key="STATISTICS_MEDIAN">0</MDI>
      <MDI key="STATISTICS_MINIMUM">16.225473403931</MDI>
      <MDI key="STATISTICS_MODE">0</MDI>
      <MDI key="STATISTICS_SKIPFACTORX">1</MDI>
      <MDI key="STATISTICS_SKIPFACTORY">1</MDI>
      <MDI key="STATISTICS_STDDEV">2.5986159876184</MDI>
    </Metadata>
  </PAMRasterBand>
</PAMDataset>
