<PAMDataset>
  <PAMRasterBand band="1">
    <Description>Layer_1</Description>
    <Histograms>
      <HistItem>
        <HistMin>18.272094726563</HistMin>
        <HistMax>30.093385696411</HistMax>
        <BucketCount>256</BucketCount>
        <IncludeOutOfRange>1</IncludeOutOfRange>
        <Approximate>0</Approximate>
        <HistCounts>1|0|0|0|1|1|0|0|0|0|0|0|0|0|0|1|3|0|1|0|0|0|0|1|0|0|0|1|0|1|0|2|3|0|2|0|1|0|0|0|0|0|2|0|0|0|1|0|1|1|1|2|0|2|1|0|6|5|2|1|3|4|1|3|2|7|1|4|9|4|2|4|6|1|3|4|6|6|3|4|6|5|3|3|8|5|5|7|5|8|9|7|6|7|5|8|9|7|7|5|9|11|7|12|13|8|13|8|13|9|13|9|15|13|12|7|13|11|14|10|13|10|14|15|12|16|10|20|22|26|38|34|28|27|28|27|25|24|45|44|44|30|27|33|30|50|37|40|61|37|38|35|39|44|30|31|35|26|36|34|35|32|19|15|12|22|16|12|17|10|21|9|13|13|14|26|21|21|31|28|11|7|7|8|13|11|4|6|15|20|42|54|73|73|79|61|55|57|63|70|63|67|59|61|64|58|57|62|60|52|47|42|42|43|34|55|68|60|77|107|82|65|66|67|51|45|50|54|46|61|54|51|42|54|46|49|57|59|45|35|36|21|18|26|25|25|21|7|8|6|10|7|7|4|9|1</HistCounts>
      </HistItem>
    </Histograms>
    <Metadata>
      <MDI key="LAYER_TYPE">athematic</MDI>
      <MDI key="STATISTICS_COVARIANCES">4.28836107171815</MDI>
      <MDI key="STATISTICS_EXCLUDEDVALUES"></MDI>
      <MDI key="STATISTICS_MAXIMUM">30.093385696411</MDI>
      <MDI key="STATISTICS_MEAN">26.825702163422</MDI>
      <MDI key="STATISTICS_MEDIAN">0</MDI>
      <MDI key="STATISTICS_MINIMUM">18.272094726563</MDI>
      <MDI key="STATISTICS_MODE">0</MDI>
      <MDI key="STATISTICS_SKIPFACTORX">1</MDI>
      <MDI key="STATISTICS_SKIPFACTORY">1</MDI>
      <MDI key="STATISTICS_STDDEV">2.070835838911</MDI>
    </Metadata>
  </PAMRasterBand>
</PAMDataset>
