<PAMDataset>
  <PAMRasterBand band="1">
    <Description>Layer_1</Description>
    <Histograms>
      <HistItem>
        <HistMin>9.2099466323853</HistMin>
        <HistMax>28.549961090088</HistMax>
        <BucketCount>256</BucketCount>
        <IncludeOutOfRange>1</IncludeOutOfRange>
        <Approximate>0</Approximate>
        <HistCounts>1|0|0|1|0|2|0|1|1|1|2|2|2|1|2|1|2|4|2|2|3|3|3|3|4|2|5|2|3|4|7|4|1|3|2|5|4|1|4|1|5|7|1|0|7|3|1|3|4|2|0|6|6|4|5|1|2|3|3|3|4|1|3|4|4|5|5|5|2|2|3|11|6|4|5|2|4|9|3|5|7|5|5|7|10|6|7|4|8|12|13|7|9|6|8|6|13|7|7|11|11|9|8|11|15|9|10|15|12|14|12|15|17|19|19|16|19|17|19|15|15|21|16|19|19|22|23|33|21|34|29|28|28|23|30|24|29|34|15|22|25|25|18|24|17|19|22|22|23|20|22|15|13|17|17|16|11|11|11|15|13|18|11|14|18|18|16|17|16|22|20|18|9|16|10|13|9|9|8|6|11|15|7|4|8|5|11|10|10|13|6|9|13|14|21|13|8|8|4|12|7|5|9|5|6|5|12|9|8|3|5|8|12|17|23|44|72|111|94|96|99|132|99|146|108|75|70|56|64|61|43|69|79|139|85|89|96|87|82|91|83|92|100|91|90|84|82|85|76|50|37|33|12|13|21|0</HistCounts>
      </HistItem>
    </Histograms>
    <Metadata>
      <MDI key="LAYER_TYPE">athematic</MDI>
      <MDI key="STATISTICS_COVARIANCES">18.47754081333533</MDI>
      <MDI key="STATISTICS_EXCLUDEDVALUES"></MDI>
      <MDI key="STATISTICS_MAXIMUM">28.549961090088</MDI>
      <MDI key="STATISTICS_MEAN">23.832777949742</MDI>
      <MDI key="STATISTICS_MEDIAN">0</MDI>
      <MDI key="STATISTICS_MINIMUM">9.2099466323853</MDI>
      <MDI key="STATISTICS_MODE">0</MDI>
      <MDI key="STATISTICS_SKIPFACTORX">1</MDI>
      <MDI key="STATISTICS_SKIPFACTORY">1</MDI>
      <MDI key="STATISTICS_STDDEV">4.2985510132294</MDI>
    </Metadata>
  </PAMRasterBand>
</PAMDataset>
