<PAMDataset>
  <PAMRasterBand band="1">
    <Description>Layer_1</Description>
    <Histograms>
      <HistItem>
        <HistMin>9.049170494079601</HistMin>
        <HistMax>27.723886489868</HistMax>
        <BucketCount>256</BucketCount>
        <IncludeOutOfRange>1</IncludeOutOfRange>
        <Approximate>0</Approximate>
        <HistCounts>1|1|0|0|2|1|1|2|2|2|5|4|3|0|2|2|5|4|2|6|3|7|3|4|3|5|7|5|3|9|2|4|7|3|4|6|6|3|3|6|8|4|5|5|3|6|2|5|1|7|11|8|3|6|5|4|9|7|4|4|9|5|8|6|8|9|12|6|6|8|5|13|9|9|6|12|8|16|8|16|12|18|13|19|13|9|10|15|14|21|9|13|15|10|10|18|13|16|14|16|13|11|18|19|27|16|13|28|18|26|26|28|25|30|35|23|31|20|29|24|16|30|23|29|26|26|31|17|15|17|14|17|13|18|14|18|9|14|12|9|12|20|10|11|17|14|27|17|14|11|12|9|16|7|17|12|15|15|3|10|10|8|6|12|6|10|8|8|14|8|4|5|4|8|9|4|5|8|7|6|8|5|8|7|4|5|4|5|3|4|10|6|4|2|6|5|4|4|3|10|4|5|4|6|6|5|8|6|3|5|7|6|7|6|7|9|12|26|53|87|75|76|109|122|163|161|117|120|125|136|135|104|124|79|96|62|83|108|99|104|129|131|127|91|74|36|29|35|41|18|12|11|7|10|7|1</HistCounts>
      </HistItem>
    </Histograms>
    <Metadata>
      <MDI key="LAYER_TYPE">athematic</MDI>
      <MDI key="STATISTICS_COVARIANCES">22.15204809027577</MDI>
      <MDI key="STATISTICS_EXCLUDEDVALUES"></MDI>
      <MDI key="STATISTICS_MAXIMUM">27.723886489868</MDI>
      <MDI key="STATISTICS_MEAN">22.616521534157</MDI>
      <MDI key="STATISTICS_MEDIAN">0</MDI>
      <MDI key="STATISTICS_MINIMUM">9.0491704940796</MDI>
      <MDI key="STATISTICS_MODE">0</MDI>
      <MDI key="STATISTICS_SKIPFACTORX">1</MDI>
      <MDI key="STATISTICS_SKIPFACTORY">1</MDI>
      <MDI key="STATISTICS_STDDEV">4.7065962319149</MDI>
    </Metadata>
  </PAMRasterBand>
</PAMDataset>
