<PAMDataset>
  <PAMRasterBand band="1">
    <Description>Layer_1</Description>
    <Histograms>
      <HistItem>
        <HistMin>16.803127288818</HistMin>
        <HistMax>29.867586135864</HistMax>
        <BucketCount>256</BucketCount>
        <IncludeOutOfRange>1</IncludeOutOfRange>
        <Approximate>0</Approximate>
        <HistCounts>1|0|0|0|0|0|0|0|0|2|1|1|1|1|2|2|0|0|0|0|1|2|1|2|1|1|1|1|1|0|0|0|0|1|3|2|2|1|2|2|0|2|2|1|1|0|1|3|5|2|3|4|2|5|3|5|3|2|4|2|2|4|7|5|5|8|6|3|6|1|3|5|7|2|0|6|7|7|4|3|5|3|9|8|4|9|2|6|11|7|6|1|6|7|6|10|9|8|7|9|10|9|7|13|6|9|10|10|8|7|11|11|10|14|10|8|18|19|18|19|21|21|18|12|13|18|16|11|10|10|10|11|13|14|19|21|8|14|18|13|17|25|17|23|27|43|34|30|25|28|38|26|31|27|24|20|20|21|24|14|28|16|30|28|16|20|15|20|16|21|23|20|19|16|27|18|20|20|22|21|26|22|19|19|10|8|13|16|20|23|34|26|32|47|70|62|44|39|44|33|39|32|51|70|54|67|56|82|59|43|50|51|50|42|51|41|36|56|63|51|52|44|33|32|26|26|27|34|41|42|53|51|60|95|104|158|165|124|128|127|131|59|43|46|35|22|22|22|26|13|11|11|7|4|2|1</HistCounts>
      </HistItem>
    </Histograms>
    <Metadata>
      <MDI key="LAYER_TYPE">athematic</MDI>
      <MDI key="STATISTICS_COVARIANCES">6.226405445459517</MDI>
      <MDI key="STATISTICS_EXCLUDEDVALUES"></MDI>
      <MDI key="STATISTICS_MAXIMUM">29.867586135864</MDI>
      <MDI key="STATISTICS_MEAN">26.600252765739</MDI>
      <MDI key="STATISTICS_MEDIAN">0</MDI>
      <MDI key="STATISTICS_MINIMUM">16.803127288818</MDI>
      <MDI key="STATISTICS_MODE">0</MDI>
      <MDI key="STATISTICS_SKIPFACTORX">1</MDI>
      <MDI key="STATISTICS_SKIPFACTORY">1</MDI>
      <MDI key="STATISTICS_STDDEV">2.4952766270415</MDI>
    </Metadata>
  </PAMRasterBand>
</PAMDataset>
