<PAMDataset>
  <PAMRasterBand band="1">
    <Description>Layer_1</Description>
    <Histograms>
      <HistItem>
        <HistMin>8.8811655044556</HistMin>
        <HistMax>27.916646957397</HistMax>
        <BucketCount>256</BucketCount>
        <IncludeOutOfRange>1</IncludeOutOfRange>
        <Approximate>0</Approximate>
        <HistCounts>1|0|0|0|1|0|0|0|1|0|2|1|2|1|3|2|2|1|2|2|2|7|3|3|5|1|6|3|1|3|3|1|5|4|8|2|2|3|2|4|5|6|5|3|5|5|4|5|4|4|4|7|1|4|8|4|6|5|4|3|5|4|5|7|3|8|7|4|8|5|6|9|5|10|4|5|7|8|7|8|6|4|6|11|11|7|8|8|10|16|11|5|17|11|13|14|12|15|9|13|15|17|11|15|18|19|15|11|16|17|13|31|26|34|33|30|31|28|31|34|29|28|34|32|32|32|33|28|28|23|26|29|30|23|25|23|26|28|19|21|11|14|16|23|12|13|14|20|5|11|16|13|12|12|17|10|8|18|6|9|5|9|9|11|7|9|9|9|9|7|9|9|7|4|9|9|16|8|4|6|7|5|8|4|4|8|6|5|7|6|2|2|5|4|8|5|5|6|2|3|6|8|6|5|4|4|7|4|8|8|4|4|9|10|4|18|27|28|33|101|127|90|84|104|130|145|179|160|137|128|109|94|92|99|106|90|116|115|100|102|100|101|85|78|64|26|31|30|36|29|23|15|7|10|10|1</HistCounts>
      </HistItem>
    </Histograms>
    <Metadata>
      <MDI key="LAYER_TYPE">athematic</MDI>
      <MDI key="STATISTICS_COVARIANCES">20.15784711783523</MDI>
      <MDI key="STATISTICS_EXCLUDEDVALUES"></MDI>
      <MDI key="STATISTICS_MAXIMUM">27.916646957397</MDI>
      <MDI key="STATISTICS_MEAN">22.913066735714</MDI>
      <MDI key="STATISTICS_MEDIAN">0</MDI>
      <MDI key="STATISTICS_MINIMUM">8.8811655044556</MDI>
      <MDI key="STATISTICS_MODE">0</MDI>
      <MDI key="STATISTICS_SKIPFACTORX">1</MDI>
      <MDI key="STATISTICS_SKIPFACTORY">1</MDI>
      <MDI key="STATISTICS_STDDEV">4.4897491152441</MDI>
    </Metadata>
  </PAMRasterBand>
</PAMDataset>
