<PAMDataset>
  <PAMRasterBand band="1">
    <Description>Layer_1</Description>
    <Histograms>
      <HistItem>
        <HistMin>8.777299880981399</HistMin>
        <HistMax>28.664993286133</HistMax>
        <BucketCount>256</BucketCount>
        <IncludeOutOfRange>1</IncludeOutOfRange>
        <Approximate>0</Approximate>
        <HistCounts>1|0|0|0|0|1|2|0|0|1|1|1|2|1|0|4|2|5|2|6|4|3|5|4|3|6|3|2|6|2|2|3|2|5|5|3|2|4|5|2|2|0|4|7|2|5|3|3|5|1|5|7|2|3|5|1|5|3|5|4|4|7|5|3|4|4|6|4|4|5|7|6|6|6|6|14|8|9|14|10|12|10|8|7|10|13|9|9|14|11|7|13|9|11|10|8|13|15|14|9|10|17|20|12|16|14|8|23|18|12|12|16|22|18|19|19|16|20|21|20|31|27|25|34|38|36|32|29|35|30|38|35|37|26|26|19|21|21|17|24|22|13|17|17|23|24|23|21|24|18|17|22|15|9|14|17|7|5|13|13|15|9|12|7|9|4|13|12|15|13|8|10|11|10|13|13|8|7|10|7|7|9|6|4|8|8|8|5|10|3|7|4|5|7|7|5|5|3|6|7|6|8|3|9|6|10|4|30|72|115|114|98|129|145|119|98|66|61|58|55|47|42|55|51|56|63|105|102|93|95|92|101|97|88|87|83|83|76|62|49|58|78|79|54|47|22|18|13|22|12|12|11|7|11|14|0</HistCounts>
      </HistItem>
    </Histograms>
    <Metadata>
      <MDI key="LAYER_TYPE">athematic</MDI>
      <MDI key="STATISTICS_COVARIANCES">20.05491215003958</MDI>
      <MDI key="STATISTICS_EXCLUDEDVALUES"></MDI>
      <MDI key="STATISTICS_MAXIMUM">28.664993286133</MDI>
      <MDI key="STATISTICS_MEAN">23.174906465391</MDI>
      <MDI key="STATISTICS_MEDIAN">0</MDI>
      <MDI key="STATISTICS_MINIMUM">8.7772998809814</MDI>
      <MDI key="STATISTICS_MODE">0</MDI>
      <MDI key="STATISTICS_SKIPFACTORX">1</MDI>
      <MDI key="STATISTICS_SKIPFACTORY">1</MDI>
      <MDI key="STATISTICS_STDDEV">4.4782711117171</MDI>
    </Metadata>
  </PAMRasterBand>
</PAMDataset>
