<PAMDataset>
  <PAMRasterBand band="1">
    <Description>Layer_1</Description>
    <Histograms>
      <HistItem>
        <HistMin>17.734535217285</HistMin>
        <HistMax>29.90559387207</HistMax>
        <BucketCount>256</BucketCount>
        <IncludeOutOfRange>1</IncludeOutOfRange>
        <Approximate>0</Approximate>
        <HistCounts>1|0|0|1|1|0|2|1|0|0|0|0|1|0|0|1|2|0|0|0|1|2|0|0|0|1|0|2|1|1|1|0|0|1|0|1|1|0|1|1|0|0|1|1|2|0|1|2|1|1|3|0|2|1|2|2|1|4|1|4|0|0|3|0|3|1|4|3|2|3|7|4|7|6|9|5|6|5|9|1|4|7|5|8|3|3|6|6|7|8|5|6|5|6|3|8|6|7|8|8|4|6|11|10|6|7|4|5|5|16|7|6|7|7|8|9|8|10|11|12|9|10|7|8|14|13|19|10|9|12|17|10|19|17|10|15|19|17|17|14|26|21|27|29|39|20|34|20|30|32|36|32|31|27|27|26|25|27|19|23|26|23|31|38|29|33|36|39|36|38|22|30|28|24|29|25|20|16|20|19|11|13|12|16|20|27|50|64|64|33|28|37|35|26|31|31|21|38|32|39|42|43|38|57|46|36|46|38|33|51|46|38|40|34|32|35|42|39|44|42|28|35|27|34|30|35|45|51|61|61|76|59|60|72|64|65|73|72|74|91|100|116|107|92|110|74|62|75|75|50|42|21|3|5|1|1</HistCounts>
      </HistItem>
    </Histograms>
    <Metadata>
      <MDI key="LAYER_TYPE">athematic</MDI>
      <MDI key="STATISTICS_COVARIANCES">5.025790176257496</MDI>
      <MDI key="STATISTICS_EXCLUDEDVALUES"></MDI>
      <MDI key="STATISTICS_MAXIMUM">29.90559387207</MDI>
      <MDI key="STATISTICS_MEAN">27.015123771155</MDI>
      <MDI key="STATISTICS_MEDIAN">0</MDI>
      <MDI key="STATISTICS_MINIMUM">17.734535217285</MDI>
      <MDI key="STATISTICS_MODE">0</MDI>
      <MDI key="STATISTICS_SKIPFACTORX">1</MDI>
      <MDI key="STATISTICS_SKIPFACTORY">1</MDI>
      <MDI key="STATISTICS_STDDEV">2.241827418928</MDI>
    </Metadata>
  </PAMRasterBand>
</PAMDataset>
