<PAMDataset>
  <PAMRasterBand band="1">
    <Description>Layer_1</Description>
    <Histograms>
      <HistItem>
        <HistMin>9.5411891937256</HistMin>
        <HistMax>28.548307418823</HistMax>
        <BucketCount>256</BucketCount>
        <IncludeOutOfRange>1</IncludeOutOfRange>
        <Approximate>0</Approximate>
        <HistCounts>1|0|0|2|0|1|3|2|0|2|2|2|2|2|5|4|3|2|4|4|6|4|3|4|6|4|2|4|4|3|3|2|2|3|5|4|3|3|1|2|2|4|4|3|3|2|3|4|3|5|5|2|1|1|6|0|5|3|3|6|1|4|5|3|3|4|6|9|7|1|5|0|7|5|9|4|5|12|5|7|7|11|3|10|11|12|6|9|9|10|7|10|7|7|13|12|9|9|12|15|6|16|8|11|17|11|21|18|15|16|22|11|22|17|26|10|17|14|25|24|16|23|19|15|18|18|15|33|23|27|23|26|20|28|28|32|27|30|23|11|17|14|9|12|13|15|18|11|11|18|14|12|14|12|9|16|12|19|16|15|7|13|11|17|17|14|13|27|20|17|15|14|18|13|10|12|8|7|8|9|11|6|6|12|8|10|6|9|11|8|9|12|4|11|10|8|16|11|14|8|7|15|14|6|13|9|7|6|7|11|3|11|11|11|20|32|46|46|42|92|126|115|142|230|125|87|62|59|63|45|64|59|140|100|86|77|74|74|80|78|80|87|78|97|97|104|94|101|103|46|52|25|22|10|9|1</HistCounts>
      </HistItem>
    </Histograms>
    <Metadata>
      <MDI key="LAYER_TYPE">athematic</MDI>
      <MDI key="STATISTICS_COVARIANCES">19.09082859677205</MDI>
      <MDI key="STATISTICS_EXCLUDEDVALUES"></MDI>
      <MDI key="STATISTICS_MAXIMUM">28.548307418823</MDI>
      <MDI key="STATISTICS_MEAN">23.867535616388</MDI>
      <MDI key="STATISTICS_MEDIAN">0</MDI>
      <MDI key="STATISTICS_MINIMUM">9.5411891937256</MDI>
      <MDI key="STATISTICS_MODE">0</MDI>
      <MDI key="STATISTICS_SKIPFACTORX">1</MDI>
      <MDI key="STATISTICS_SKIPFACTORY">1</MDI>
      <MDI key="STATISTICS_STDDEV">4.3693052762164</MDI>
    </Metadata>
  </PAMRasterBand>
</PAMDataset>
