<PAMDataset>
  <PAMRasterBand band="1">
    <Description>Layer_1</Description>
    <Histograms>
      <HistItem>
        <HistMin>19.180166244507</HistMin>
        <HistMax>29.379585266113</HistMax>
        <BucketCount>256</BucketCount>
        <IncludeOutOfRange>1</IncludeOutOfRange>
        <Approximate>0</Approximate>
        <HistCounts>1|0|0|0|0|0|1|0|0|0|0|0|0|1|1|0|0|0|1|0|0|0|0|1|1|0|1|1|0|1|0|1|1|0|0|1|0|2|1|1|0|1|1|1|1|2|1|1|1|2|1|1|1|0|2|0|0|1|0|2|1|1|1|3|2|1|5|0|2|2|0|4|1|0|0|2|0|0|1|4|2|2|1|1|1|3|1|3|2|3|2|1|2|2|2|1|0|2|2|4|3|3|2|1|5|1|4|5|6|6|2|6|5|9|4|13|11|13|16|4|14|8|12|9|8|10|12|14|9|18|30|16|9|14|22|13|8|13|10|17|18|13|8|12|16|18|20|16|16|15|15|25|35|27|29|30|25|25|23|37|41|38|32|49|47|41|58|41|32|47|30|32|27|31|19|23|29|26|23|26|19|18|24|33|24|36|19|18|24|19|22|13|19|23|17|20|19|54|57|56|71|70|71|81|76|80|69|60|46|49|51|50|44|57|46|47|51|50|44|47|71|58|64|70|71|61|53|72|62|81|68|82|66|78|76|71|97|96|90|76|72|55|44|47|34|34|21|28|37|25|30|26|25|33|13|1</HistCounts>
      </HistItem>
    </Histograms>
    <Metadata>
      <MDI key="LAYER_TYPE">athematic</MDI>
      <MDI key="STATISTICS_COVARIANCES">2.58045522888594</MDI>
      <MDI key="STATISTICS_EXCLUDEDVALUES"></MDI>
      <MDI key="STATISTICS_MAXIMUM">29.379585266113</MDI>
      <MDI key="STATISTICS_MEAN">27.104656690455</MDI>
      <MDI key="STATISTICS_MEDIAN">0</MDI>
      <MDI key="STATISTICS_MINIMUM">19.180166244507</MDI>
      <MDI key="STATISTICS_MODE">0</MDI>
      <MDI key="STATISTICS_SKIPFACTORX">1</MDI>
      <MDI key="STATISTICS_SKIPFACTORY">1</MDI>
      <MDI key="STATISTICS_STDDEV">1.6063795407331</MDI>
    </Metadata>
  </PAMRasterBand>
</PAMDataset>
