<PAMDataset>
  <PAMRasterBand band="1">
    <Description>Layer_1</Description>
    <Histograms>
      <HistItem>
        <HistMin>16.047250747681</HistMin>
        <HistMax>29.868204116821</HistMax>
        <BucketCount>256</BucketCount>
        <IncludeOutOfRange>1</IncludeOutOfRange>
        <Approximate>0</Approximate>
        <HistCounts>1|0|0|0|0|0|0|0|0|0|0|0|1|0|0|1|0|1|2|1|0|2|2|0|2|1|1|1|1|2|0|0|0|0|1|0|0|4|2|1|2|0|1|1|2|0|2|0|0|2|0|2|3|1|1|3|2|0|1|2|0|0|1|1|1|0|4|5|2|4|3|2|3|5|1|4|5|1|2|2|3|2|5|9|8|7|2|5|4|6|3|4|5|5|6|6|8|8|4|2|6|6|8|7|10|7|11|12|19|5|15|19|10|15|9|15|10|11|8|11|14|11|13|20|19|17|21|23|21|15|23|19|13|20|11|8|11|11|8|13|7|7|10|12|11|9|20|23|21|22|23|29|23|24|27|37|20|19|15|26|18|15|18|24|37|34|30|30|46|41|49|41|42|31|42|34|34|40|30|40|29|16|26|26|19|9|12|7|9|12|10|5|12|11|7|4|5|10|9|8|5|5|9|2|8|5|19|32|46|40|55|38|42|46|50|80|79|96|71|49|38|32|40|39|32|30|33|53|109|100|87|69|69|57|64|34|29|38|72|53|49|59|57|64|65|84|98|229|181|156|133|100|68|40|14|1</HistCounts>
      </HistItem>
    </Histograms>
    <Metadata>
      <MDI key="LAYER_TYPE">athematic</MDI>
      <MDI key="STATISTICS_COVARIANCES">6.99475897346813</MDI>
      <MDI key="STATISTICS_EXCLUDEDVALUES"></MDI>
      <MDI key="STATISTICS_MAXIMUM">29.868204116821</MDI>
      <MDI key="STATISTICS_MEAN">26.910625106609</MDI>
      <MDI key="STATISTICS_MEDIAN">0</MDI>
      <MDI key="STATISTICS_MINIMUM">16.047250747681</MDI>
      <MDI key="STATISTICS_MODE">0</MDI>
      <MDI key="STATISTICS_SKIPFACTORX">1</MDI>
      <MDI key="STATISTICS_SKIPFACTORY">1</MDI>
      <MDI key="STATISTICS_STDDEV">2.6447606646856</MDI>
    </Metadata>
  </PAMRasterBand>
</PAMDataset>
