<PAMDataset>
  <PAMRasterBand band="1">
    <Description>Layer_1</Description>
    <Histograms>
      <HistItem>
        <HistMin>9.710638046264601</HistMin>
        <HistMax>28.642419815063</HistMax>
        <BucketCount>256</BucketCount>
        <IncludeOutOfRange>1</IncludeOutOfRange>
        <Approximate>0</Approximate>
        <HistCounts>2|0|0|1|3|0|3|2|1|1|1|2|2|5|2|2|2|1|3|4|5|3|0|3|4|3|2|1|1|3|6|4|3|4|2|3|4|1|4|3|2|4|2|3|4|3|4|2|5|2|1|5|1|2|3|0|5|2|5|4|3|5|3|6|4|2|2|2|3|5|4|3|5|5|7|5|6|8|7|11|4|5|9|10|6|9|3|12|9|9|6|11|10|12|14|7|15|20|8|15|19|14|11|22|18|16|14|29|23|12|25|21|24|24|19|25|24|18|9|17|18|21|15|25|20|22|27|20|36|32|24|23|32|26|23|24|28|30|38|26|18|10|21|12|16|20|11|12|15|18|11|12|14|22|21|18|10|17|15|11|15|16|22|17|13|13|13|12|15|9|10|8|8|13|19|7|6|7|5|6|16|17|7|11|4|12|8|19|21|12|13|11|5|13|10|12|11|4|9|7|7|9|9|7|11|9|13|11|20|20|24|27|40|68|130|214|119|104|99|87|88|85|62|49|52|47|49|48|46|40|55|68|69|64|68|52|62|64|77|77|92|70|74|85|83|96|79|92|68|63|58|28|18|10|19|1</HistCounts>
      </HistItem>
    </Histograms>
    <Metadata>
      <MDI key="LAYER_TYPE">athematic</MDI>
      <MDI key="STATISTICS_COVARIANCES">18.29716201774562</MDI>
      <MDI key="STATISTICS_EXCLUDEDVALUES"></MDI>
      <MDI key="STATISTICS_MAXIMUM">28.642419815063</MDI>
      <MDI key="STATISTICS_MEAN">23.729574904717</MDI>
      <MDI key="STATISTICS_MEDIAN">0</MDI>
      <MDI key="STATISTICS_MINIMUM">9.7106380462646</MDI>
      <MDI key="STATISTICS_MODE">0</MDI>
      <MDI key="STATISTICS_SKIPFACTORX">1</MDI>
      <MDI key="STATISTICS_SKIPFACTORY">1</MDI>
      <MDI key="STATISTICS_STDDEV">4.2775182077632</MDI>
    </Metadata>
  </PAMRasterBand>
</PAMDataset>
