<PAMDataset>
  <PAMRasterBand band="1">
    <Description>Layer_1</Description>
    <Histograms>
      <HistItem>
        <HistMin>14.75839138031</HistMin>
        <HistMax>29.659881591797</HistMax>
        <BucketCount>256</BucketCount>
        <IncludeOutOfRange>1</IncludeOutOfRange>
        <Approximate>0</Approximate>
        <HistCounts>1|0|0|0|0|0|0|0|0|1|0|0|0|0|0|0|3|0|1|1|0|3|2|0|2|2|1|2|3|2|2|3|2|1|3|3|1|0|8|3|2|2|1|3|0|2|2|3|2|2|6|2|1|6|3|5|3|2|2|1|1|4|2|1|7|3|6|0|3|2|5|3|3|1|4|4|5|3|1|6|2|3|5|10|4|8|9|6|13|8|6|10|20|15|12|11|15|17|11|16|32|37|41|32|43|40|43|34|27|22|21|17|18|15|17|17|21|22|26|25|28|26|27|14|24|15|17|18|19|15|14|16|14|16|20|13|12|12|24|14|20|21|19|20|19|26|23|37|50|39|31|21|17|20|34|28|12|15|10|12|12|10|6|11|10|10|9|8|11|5|6|4|12|6|10|3|7|9|5|10|6|4|4|8|12|6|3|10|10|17|25|17|30|37|67|108|61|52|44|43|43|42|58|39|52|32|38|38|28|57|41|41|53|55|49|41|36|34|36|38|45|40|47|33|40|36|46|33|35|48|44|47|67|90|99|93|84|58|50|55|63|62|65|67|91|94|111|111|87|47|16|23|11|12|9|0</HistCounts>
      </HistItem>
    </Histograms>
    <Metadata>
      <MDI key="LAYER_TYPE">athematic</MDI>
      <MDI key="STATISTICS_COVARIANCES">10.28192679904261</MDI>
      <MDI key="STATISTICS_EXCLUDEDVALUES"></MDI>
      <MDI key="STATISTICS_MAXIMUM">29.659881591797</MDI>
      <MDI key="STATISTICS_MEAN">25.653922542402</MDI>
      <MDI key="STATISTICS_MEDIAN">0</MDI>
      <MDI key="STATISTICS_MINIMUM">14.75839138031</MDI>
      <MDI key="STATISTICS_MODE">0</MDI>
      <MDI key="STATISTICS_SKIPFACTORX">1</MDI>
      <MDI key="STATISTICS_SKIPFACTORY">1</MDI>
      <MDI key="STATISTICS_STDDEV">3.206544370353</MDI>
    </Metadata>
  </PAMRasterBand>
</PAMDataset>
