<PAMDataset>
  <PAMRasterBand band="1">
    <Description>Layer_1</Description>
    <Histograms>
      <HistItem>
        <HistMin>19.593126296997</HistMin>
        <HistMax>30.018617630005</HistMax>
        <BucketCount>256</BucketCount>
        <IncludeOutOfRange>1</IncludeOutOfRange>
        <Approximate>0</Approximate>
        <HistCounts>1|0|1|0|0|0|0|0|0|0|0|0|1|1|0|1|1|1|1|0|0|0|0|1|0|0|0|1|0|0|0|0|1|0|0|0|0|5|2|1|1|0|2|1|1|0|4|3|1|3|7|5|6|3|8|4|5|4|3|6|4|5|4|6|2|4|4|7|2|5|2|4|7|3|4|4|6|9|3|4|5|4|9|8|6|3|5|8|6|12|13|7|6|10|11|6|9|9|13|6|9|9|12|10|11|9|4|9|7|10|9|13|11|9|13|13|15|14|16|21|22|19|25|27|19|40|26|45|51|65|56|55|59|32|37|51|49|51|47|40|44|42|52|48|30|38|35|26|25|28|28|18|25|22|17|17|24|19|16|13|10|9|11|10|11|12|8|8|3|5|4|4|8|7|10|7|8|2|4|7|18|39|49|75|89|75|61|63|46|44|44|54|68|65|45|38|39|37|23|37|33|41|37|27|38|40|37|37|49|59|53|49|54|63|72|76|80|85|55|59|43|60|45|43|38|47|49|49|49|52|66|61|46|58|49|44|37|31|36|15|17|20|23|16|16|21|19|15|14|14|13|14|8|10|8|0</HistCounts>
      </HistItem>
    </Histograms>
    <Metadata>
      <MDI key="LAYER_TYPE">athematic</MDI>
      <MDI key="STATISTICS_COVARIANCES">3.787151547073387</MDI>
      <MDI key="STATISTICS_EXCLUDEDVALUES"></MDI>
      <MDI key="STATISTICS_MAXIMUM">30.018617630005</MDI>
      <MDI key="STATISTICS_MEAN">26.895646368657</MDI>
      <MDI key="STATISTICS_MEDIAN">0</MDI>
      <MDI key="STATISTICS_MINIMUM">19.593126296997</MDI>
      <MDI key="STATISTICS_MODE">0</MDI>
      <MDI key="STATISTICS_SKIPFACTORX">1</MDI>
      <MDI key="STATISTICS_SKIPFACTORY">1</MDI>
      <MDI key="STATISTICS_STDDEV">1.9460605198897</MDI>
    </Metadata>
  </PAMRasterBand>
</PAMDataset>
