<PAMDataset>
  <PAMRasterBand band="1">
    <Description>Layer_1</Description>
    <Histograms>
      <HistItem>
        <HistMin>17.807193756104</HistMin>
        <HistMax>29.560688018799</HistMax>
        <BucketCount>256</BucketCount>
        <IncludeOutOfRange>1</IncludeOutOfRange>
        <Approximate>0</Approximate>
        <HistCounts>1|0|0|0|0|0|0|0|0|0|0|0|0|0|0|0|0|1|0|0|0|1|0|0|5|1|0|0|0|2|2|0|0|2|2|1|0|2|0|2|4|0|0|0|1|1|1|3|0|1|0|2|1|3|1|2|0|1|3|1|1|0|2|4|0|0|0|1|4|4|1|1|1|2|3|4|2|4|0|2|1|3|5|7|6|4|6|6|2|9|6|2|7|3|5|8|7|2|5|3|7|7|7|4|11|12|5|10|11|12|9|9|12|13|17|5|7|11|13|16|18|13|12|14|14|11|20|14|22|21|14|15|12|16|16|16|16|9|30|23|18|22|22|22|25|21|32|24|25|28|22|23|19|19|15|19|10|22|16|22|16|19|32|24|23|15|19|24|25|22|15|32|25|26|39|21|23|27|19|30|22|22|18|24|43|41|42|86|75|55|73|57|46|46|44|48|34|41|36|44|25|45|31|36|46|52|44|51|50|40|35|42|48|39|36|43|37|28|38|35|38|30|46|39|38|44|41|55|55|66|81|74|88|77|97|82|92|105|103|93|85|71|42|45|40|42|52|46|55|35|28|27|23|30|16|0</HistCounts>
      </HistItem>
    </Histograms>
    <Metadata>
      <MDI key="LAYER_TYPE">athematic</MDI>
      <MDI key="STATISTICS_COVARIANCES">4.222857936442566</MDI>
      <MDI key="STATISTICS_EXCLUDEDVALUES"></MDI>
      <MDI key="STATISTICS_MAXIMUM">29.560688018799</MDI>
      <MDI key="STATISTICS_MEAN">26.791247911192</MDI>
      <MDI key="STATISTICS_MEDIAN">0</MDI>
      <MDI key="STATISTICS_MINIMUM">17.807193756104</MDI>
      <MDI key="STATISTICS_MODE">0</MDI>
      <MDI key="STATISTICS_SKIPFACTORX">1</MDI>
      <MDI key="STATISTICS_SKIPFACTORY">1</MDI>
      <MDI key="STATISTICS_STDDEV">2.0549593515305</MDI>
    </Metadata>
  </PAMRasterBand>
</PAMDataset>
