<PAMDataset>
  <PAMRasterBand band="1">
    <Description>Layer_1</Description>
    <Histograms>
      <HistItem>
        <HistMin>13.113263130188</HistMin>
        <HistMax>29.709707260132</HistMax>
        <BucketCount>256</BucketCount>
        <IncludeOutOfRange>1</IncludeOutOfRange>
        <Approximate>0</Approximate>
        <HistCounts>1|0|0|0|0|0|0|1|0|0|0|0|2|2|0|0|2|1|3|1|0|1|3|0|2|4|4|3|3|0|2|1|1|2|4|2|2|5|4|2|2|2|1|1|0|3|2|2|3|2|4|4|7|3|3|2|1|2|4|3|1|1|2|3|3|3|2|9|6|2|1|3|4|2|2|2|4|3|7|4|7|8|2|8|7|7|13|11|6|12|5|13|11|13|10|8|19|10|14|4|20|16|17|12|24|14|17|32|28|21|22|21|23|21|18|19|17|17|24|25|27|25|40|40|27|28|27|22|11|20|10|18|13|25|15|19|12|17|14|15|22|16|17|27|24|27|15|19|18|25|33|14|24|22|24|11|31|20|16|26|23|19|20|24|21|18|21|18|21|16|10|16|13|11|9|11|8|16|6|6|14|6|11|8|13|6|7|7|11|17|6|15|8|12|3|11|13|13|22|19|18|20|46|110|76|51|53|53|78|87|94|90|79|73|81|81|50|47|66|55|65|51|45|47|58|56|62|62|61|78|84|74|82|69|67|38|33|45|43|40|42|50|45|55|69|80|97|69|31|30|27|24|17|15|12|0</HistCounts>
      </HistItem>
    </Histograms>
    <Metadata>
      <MDI key="LAYER_TYPE">athematic</MDI>
      <MDI key="STATISTICS_COVARIANCES">11.91894490033803</MDI>
      <MDI key="STATISTICS_EXCLUDEDVALUES"></MDI>
      <MDI key="STATISTICS_MAXIMUM">29.709707260132</MDI>
      <MDI key="STATISTICS_MEAN">25.292960727226</MDI>
      <MDI key="STATISTICS_MEDIAN">0</MDI>
      <MDI key="STATISTICS_MINIMUM">13.113263130188</MDI>
      <MDI key="STATISTICS_MODE">0</MDI>
      <MDI key="STATISTICS_SKIPFACTORX">1</MDI>
      <MDI key="STATISTICS_SKIPFACTORY">1</MDI>
      <MDI key="STATISTICS_STDDEV">3.4523824962391</MDI>
    </Metadata>
  </PAMRasterBand>
</PAMDataset>
