<PAMDataset>
  <PAMRasterBand band="1">
    <Description>Layer_1</Description>
    <Histograms>
      <HistItem>
        <HistMin>10.580580711365</HistMin>
        <HistMax>28.83416557312</HistMax>
        <BucketCount>256</BucketCount>
        <IncludeOutOfRange>1</IncludeOutOfRange>
        <Approximate>0</Approximate>
        <HistCounts>1|0|1|0|3|2|1|0|1|2|1|2|0|2|3|0|0|3|3|0|3|3|3|2|0|2|5|3|0|4|3|3|1|5|3|3|6|4|2|2|1|3|4|1|3|5|5|0|7|1|2|3|0|3|6|3|5|2|4|3|2|4|3|5|3|4|8|3|2|5|5|5|6|5|8|7|2|13|12|2|10|15|6|5|9|9|12|13|8|20|7|13|11|8|11|17|10|10|12|15|18|20|20|18|15|15|23|18|23|14|29|32|22|17|29|25|26|30|19|16|29|26|15|19|18|35|17|22|21|20|23|15|22|17|11|12|25|19|11|17|25|19|22|21|20|29|25|23|19|20|18|21|20|19|16|15|16|13|11|10|8|12|9|11|12|4|10|9|4|7|6|14|13|7|8|3|11|8|12|10|12|13|16|11|16|17|14|12|9|6|11|8|5|6|9|12|8|7|16|14|22|28|65|82|115|130|83|65|77|91|89|91|58|43|59|43|49|35|46|43|44|50|58|65|52|62|53|73|69|71|72|72|62|65|79|91|104|106|86|78|50|49|30|34|38|38|37|23|27|30|31|28|31|18|21|1</HistCounts>
      </HistItem>
    </Histograms>
    <Metadata>
      <MDI key="LAYER_TYPE">athematic</MDI>
      <MDI key="STATISTICS_COVARIANCES">15.95036830809145</MDI>
      <MDI key="STATISTICS_EXCLUDEDVALUES"></MDI>
      <MDI key="STATISTICS_MAXIMUM">28.83416557312</MDI>
      <MDI key="STATISTICS_MEAN">23.870239981053</MDI>
      <MDI key="STATISTICS_MEDIAN">0</MDI>
      <MDI key="STATISTICS_MINIMUM">10.580580711365</MDI>
      <MDI key="STATISTICS_MODE">0</MDI>
      <MDI key="STATISTICS_SKIPFACTORX">1</MDI>
      <MDI key="STATISTICS_SKIPFACTORY">1</MDI>
      <MDI key="STATISTICS_STDDEV">3.9937912198926</MDI>
    </Metadata>
  </PAMRasterBand>
</PAMDataset>
