<PAMDataset>
  <PAMRasterBand band="1">
    <Description>Layer_1</Description>
    <Histograms>
      <HistItem>
        <HistMin>10.447773933411</HistMin>
        <HistMax>28.885099411011</HistMax>
        <BucketCount>256</BucketCount>
        <IncludeOutOfRange>1</IncludeOutOfRange>
        <Approximate>0</Approximate>
        <HistCounts>2|0|2|0|3|1|0|2|0|1|3|2|2|0|2|1|2|0|2|1|3|1|3|4|1|4|2|1|4|3|3|3|2|1|4|5|2|4|3|4|5|0|2|4|3|3|4|3|1|3|4|4|2|4|6|1|5|1|3|3|2|4|7|3|3|8|4|2|7|4|4|6|3|7|6|4|2|13|10|10|8|13|11|13|6|9|11|8|12|14|12|10|15|13|10|12|15|15|16|19|13|16|19|21|18|10|25|25|18|27|21|27|27|21|24|31|36|25|31|22|21|21|24|14|16|23|17|23|12|16|13|17|13|15|13|18|14|11|24|19|27|21|30|18|16|27|26|14|8|19|18|17|17|20|18|12|16|16|11|14|9|14|11|10|15|4|7|11|8|11|17|4|5|13|11|15|10|16|14|14|20|19|12|14|4|5|13|6|6|6|7|9|8|7|12|12|11|15|24|17|24|17|43|81|116|150|89|97|93|70|79|77|54|61|44|49|51|45|49|40|54|52|44|52|53|55|57|63|66|70|67|72|76|75|91|97|79|73|75|62|53|45|42|46|38|39|43|24|26|31|28|30|29|21|21|0</HistCounts>
      </HistItem>
    </Histograms>
    <Metadata>
      <MDI key="LAYER_TYPE">athematic</MDI>
      <MDI key="STATISTICS_COVARIANCES">16.40255409842928</MDI>
      <MDI key="STATISTICS_EXCLUDEDVALUES"></MDI>
      <MDI key="STATISTICS_MAXIMUM">28.885099411011</MDI>
      <MDI key="STATISTICS_MEAN">23.831771604453</MDI>
      <MDI key="STATISTICS_MEDIAN">0</MDI>
      <MDI key="STATISTICS_MINIMUM">10.447773933411</MDI>
      <MDI key="STATISTICS_MODE">0</MDI>
      <MDI key="STATISTICS_SKIPFACTORX">1</MDI>
      <MDI key="STATISTICS_SKIPFACTORY">1</MDI>
      <MDI key="STATISTICS_STDDEV">4.0500066788129</MDI>
    </Metadata>
  </PAMRasterBand>
</PAMDataset>
